,Year,Real GDP,log Real GDP,diff Real GDP,Real Consumption,log Real Consumption,diff real consumption,Real Investment,log Real Investment,diff Real Investment,Real Gov expenditure,Fed Funds,Labor Hours,log Labor Hours,diff Labor Hours,real Wage,log real wage,diff real wage,log price deflator,inflation
1,1960Q1,32.578775805867444,3.483661027448525,,16.95641675721357,2.8306463319341257,,13.648436556803091,2.6136249771078517,,7.062658457080769,0.009241666666666665,98.73100000000001,4.5923989802057115,,0.4500181093806592,-0.7984674539593706,,2.8073524021760723,
2,1960Q2,32.37791292828326,3.4774764905910165,-0.006184536857508416,17.2096104052508,2.845467972271151,0.014821640337025155,13.193231769735654,2.579703953376805,-0.03392102373104677,7.129523694827483,0.007341666666666667,98.17200000000001,4.586721042319562,-0.005677937886149564,0.45155657252965614,-0.7950546149053638,0.0034128390540068,2.809824293224616,0.0024718910485437284
3,1960Q3,32.45724572457246,3.4799237071176785,0.0024472165266620216,17.173717371737176,2.843380155362648,-0.002087816908503015,13.081308130813081,2.571184351029386,-0.008519602347418775,7.344734473447345,0.0057416666666666675,97.259,4.577377523203679,-0.009343519115883048,0.451965196519652,-0.794150100964797,0.0009045139405667868,2.813310711759703,0.0034864185350871324
4,1960Q4,31.967213114754106,3.4647107873844813,-0.015212919733197161,17.308842886203184,2.851217520402845,0.007837365040197053,12.468589206653107,2.5232126182999677,-0.04797173272941846,7.436879262893383,0.005008333333333333,96.711,4.57172714986774,-0.005650373335939207,0.4546487974153405,-0.7882300318915965,0.005920069073200529,2.816246691579244,0.002935979819540968
5,1961Q1,32.18507462686567,3.4715028241865475,0.0067920368020661925,17.45074626865672,2.859382413846125,0.008164893443280086,12.644776119402986,2.5372441748962307,0.014031556596262984,7.534328358208955,0.004333333333333333,96.48700000000001,4.569408284244149,-0.002318865623590405,0.46,-0.7765287894989963,0.011701242392600175,2.8183982582710754,0.0021515666918312526
6,1961Q2,32.80719518732503,3.4906478568002384,0.019145032613690827,17.642504020489604,2.870310991779437,0.010928577933312145,13.002561200786227,2.5651463535016368,0.027902178605406114,7.582345583417713,0.004208333333333333,97.053,4.575257221038338,0.005848936794189186,0.4623265233188397,-0.7714838771075465,0.005044912391449774,2.820723910054261,0.002325651783185556
7,1961Q3,33.460076045627375,3.510352968288533,0.01970511148829468,17.686549429657795,2.8728044314664314,0.0024934396869942255,13.397100760456274,2.595038322387434,0.029891968885797038,7.72338403041825,0.006,98.29299999999999,4.58795281403767,0.012695592999331318,0.464472433460076,-0.7668530691845364,0.004630807923010072,2.8232818365552994,0.0025579265010384766
8,1961Q4,34.1131181522061,3.5296820068583603,0.01932903856982726,17.93899911163755,2.8869770641956607,0.014172632729229306,13.56825584838614,2.6077329356219185,0.01269461323448473,7.906425821735267,0.006141666666666668,98.654,4.591618779036363,0.0036659649986932052,0.4704175303523837,-0.7541346161865361,0.01271845299800034,2.826425653837531,0.0031438172822317867
9,1962Q1,34.76313928823945,3.5485576095596865,0.018875602701326155,18.09450860240396,2.8956085001066985,0.008631435911037766,13.8993636577893,2.631843059073551,0.024110123451632326,8.078010841385812,0.006516666666666667,99.829,4.603458722269214,0.011839943232851091,0.4711289182182418,-0.7526235107019248,0.0015111054846113081,2.8315649273400787,0.005139273502547503
10,1962Q2,35.03735513853756,3.5564147820132215,0.00785717245353501,18.324607329842934,2.9082448194308754,0.01263631932417697,13.8478734043179,2.6281316760295437,-0.0037113830440071993,8.141655391493618,0.007116666666666667,99.62,4.601362947645137,-0.0020957746240766184,0.4737337490440614,-0.7471098259832248,0.005513684718699952,2.8331545187966327,0.0015895914565540181
11,1962Q3,35.48576460228941,3.5691316189419178,0.012716836928696296,18.47373055474024,2.9163497529574314,0.008104933526555946,13.982976225418255,2.63784060580827,0.009708929778726283,8.341649545054299,0.007308333333333333,98.99,4.595018834931716,-0.006344112713421168,0.4770179043146463,-0.740201253547395,0.006908572435829874,2.83527005111293,0.0021155323162971307
12,1962Q4,35.68834212067955,3.5748240842146575,0.0056924652727397,18.69361452841242,2.9281819964778486,0.01183224352041723,13.854715875805507,2.6286256711256386,-0.009214934682631348,8.412419449326302,0.007416666666666667,99.588,4.6010416754043115,0.00602284047259527,0.48078500292911547,-0.7323350881587746,0.007866165388620394,2.837322536806349,0.0020524856934192037
13,1963Q1,36.027996500437446,3.5842963167869697,0.009472232572312222,18.763487897346163,2.931912848330097,0.003730851852248307,14.126567512394283,2.6480572452041082,0.019431574078469627,8.381452318460193,0.007408333333333334,100.22,4.607367769531579,0.006326094127267368,0.4810731991834354,-0.7317358392002249,0.0005992489585496807,2.8417065859148836,0.004384049108534516
14,1963Q2,36.34352256186317,3.593015991728266,0.00871967494129633,18.893740902474526,2.9388306980357317,0.006917849705634804,14.235807860262009,2.6557604708065137,0.007703225602405439,8.390101892285298,0.008325,100.49,4.610058220060867,0.0026904505292879577,0.4851819505094614,-0.7232313027083433,0.008504536491881542,2.8434548381084133,0.001748252193529698
15,1963Q3,37.207814862193274,3.61651881615671,0.02350282442844387,19.22898011396674,2.9564185219990424,0.01758782396331071,14.524944761018721,2.6758674997027723,0.020107028896258594,8.716129782532853,0.008633333333333333,101.27600000000001,4.6178494631451645,0.007791243084297683,0.49005698337015924,-0.7132336020467623,0.00999770066158101,2.844793097988705,0.0013382598802915702
16,1963Q4,37.388244794370415,3.6213563447036963,0.0048375285469863805,19.282459479725443,2.9591958474223024,0.0027773254232599243,14.564226798177309,2.678568302711664,0.00270080300889175,8.709696025840687,0.008658333333333334,103.226,4.636920759300914,0.019071296155749096,0.48537809309569124,-0.7228271183609813,-0.009593516314219008,2.8528429460037508,0.008049848015045935
17,1964Q1,38.097976080956755,3.640161159486942,0.018804814783245583,19.641214351425944,2.977630131535561,0.01843428411325876,14.903403863845446,2.701589634099266,0.023021331387601762,8.774149034038638,0.008725,103.67200000000001,4.641232069133113,0.004311309832199406,0.4892479300827967,-0.7148859035114333,0.007941214849548017,2.8560103303788535,0.0031673843751027775
18,1964Q2,38.572739788894,3.652545803892142,0.012384644405200262,19.963285910968334,2.993894882132156,0.016264750596594713,15.02983019733823,2.7100369061187783,0.008447272019512564,8.851537402478202,0.008641666666666667,104.339,4.647645213496182,0.006413144363069279,0.4945502524093622,-0.7041065104145307,0.010779393096902679,2.8583075976423187,0.0022972672634651303
19,1964Q3,39.1440978173923,3.667249652895214,0.014703849003071756,20.283396183293338,3.0098026293617766,0.01590774722962074,15.283967546566108,2.726804406222422,0.016767500103643584,8.913267055193693,0.008941666666666667,105.35700000000001,4.657354583225539,0.009709369729356432,0.49617186607244884,-0.700832908097594,0.00327360231693663,2.8623151601136394,0.004007562471320725
20,1964Q4,39.25260224105568,3.6700177411659034,0.0027680882706895282,20.453899095614585,3.0181735291368126,0.008370899775036023,15.402991866219216,2.7345617675774676,0.007757361355045678,8.884591320175188,0.009933333333333332,106.999,4.672819488623841,0.015464905398302697,0.495933109606962,-0.7013142210149746,-0.0004813129173806274,2.8668187734606527,0.004503613347013324
21,1965Q1,40.36785512167515,3.6980338029523874,0.02801606178648397,20.645161290322577,3.027480971868571,0.009307442731758542,16.089417091114882,2.778161732325349,0.043599964747881526,8.885116015846066,0.010191666666666665,108.059,4.682677374255017,0.009857885631175733,0.496774193548387,-0.699619695065563,0.0016945259494116627,2.871868286331605,0.005049512870952455
22,1965Q2,40.75826713987944,3.707658693708872,0.00962489075648465,20.945298856402456,3.0419142229246767,0.0144332510561056,16.218804574390173,2.7861713452554633,0.008009612930114152,9.002309729029351,0.01018333333333333,108.32,4.685089809163965,0.0024124349089476027,0.4996901583009407,-0.6937670560411787,0.005852639024384265,2.876441852362667,0.004573566031061738
23,1965Q3,41.74196082832931,3.731506877745692,0.023848184036820097,21.27504349290084,3.0575347187770117,0.015620495852334937,16.572198215388067,2.8077264850045993,0.021555139749136032,9.360794657388182,0.010416666666666664,109.34899999999999,4.694544602133545,0.009454792969580517,0.5051349682922723,-0.6829296214703294,0.010837434570849291,2.8802653037452774,0.003823451382610532
24,1965Q4,42.69869579756995,3.7541683763856835,0.02266149863999134,21.770148255489914,3.080539685305487,0.02300496652847528,16.960205105339426,2.8308697237658333,0.02314323876123403,9.61988630030097,0.011391666666666666,110.926,4.70886331232463,0.014318710191084882,0.510366737264519,-0.6726257190114968,0.010303902458832614,2.887144333137092,0.006879029391814395
25,1966Q1,43.822340366616835,3.7801437413814045,0.025975364995721062,22.03023758099352,3.0924159451861284,0.011876259880641449,17.627512875893004,2.8694609130543034,0.03859118928847005,9.802292739657751,0.012283333333333334,112.016,4.718641718234842,0.009778405910211951,0.5151464805892452,-0.6633039904318382,0.009321728579658628,2.8935334212337436,0.006389088096651729
26,1966Q2,43.96594342213678,3.783415321082182,0.003271579700777405,22.27410052183466,3.103424591928071,0.011008646741942574,17.616039549574293,2.8688098250717124,-0.0006510879825909477,9.980774512496566,0.013525,112.541,4.723317599695173,0.004675881460331155,0.5182642131282615,-0.6572701028068831,0.006033887624955048,2.901696281627397,0.008162860393653215
27,1966Q3,44.44263097763995,3.794199165936196,0.01078384485401429,22.414449703498178,3.1097058269378994,0.0062812350098284675,17.572493335509492,2.866334800811029,-0.002475024260683245,10.309558783526468,0.013908333333333332,112.243,4.720666163876066,-0.0026514358191072063,0.5202654915401773,-0.6534160370442217,0.0038540657626614516,2.9113175224116272,0.009621240784230434
28,1966Q4,44.7531696789857,3.8011622730278036,0.006963107091607412,22.524952792015107,3.1146237076882146,0.0049178807503151845,17.60453196654977,2.8681563669965793,0.001821566185550072,10.445103857566766,0.01205833333333333,112.11200000000001,4.719498371628178,-0.0011677922478883218,0.5229026166711627,-0.6483600336484163,0.005056003395805364,2.9196608366026955,0.008343314191068263
29,1967Q1,45.116054158607355,3.8092381512071154,0.008075878179311768,22.73801848269934,3.124038346561688,0.009414638873473269,17.472598323662158,2.8606338436912537,-0.007522523305325546,10.885450247152376,0.009975000000000001,111.42399999999999,4.713342744145724,-0.006155627482454129,0.5292284547603697,-0.6363350787984045,0.01202495485001187,2.923806533982402,0.004145697379706714
30,1967Q2,45.15956593788421,3.8102021275852294,0.0009639763781139621,22.932592077831828,3.1325591335612493,0.00852078699956138,17.18608007697653,2.8440997583109064,-0.016534085380347285,10.894317635109852,0.009733333333333332,111.792,4.716640001810095,0.0032972576643715,0.5336505051584968,-0.6280141390124795,0.008320939785924963,2.9288977853667677,0.005091251384365503
31,1967Q3,45.636979773377114,3.8207183478124764,0.010516220227247075,23.08588372339299,3.139221336508157,0.006662202946907669,17.399131631896644,2.8564202987622904,0.012320540451383977,11.03462882558509,0.010433333333333333,112.3,4.721173861744398,0.004533859934302775,0.5357937096261781,-0.6240060620932546,0.00400807691922489,2.9384209068408773,0.009523121474109608
32,1967Q4,46.04105571847507,3.8295335140528826,0.008815166240406125,23.177628822790115,3.1431875385804204,0.003966202072263503,17.574361122748222,2.8664410855565223,0.010020786794231906,11.169878508588187,0.011966666666666665,112.49700000000001,4.722926554622246,0.0017526928778481832,0.5441453707582738,-0.6085388421660195,0.015467219927235099,2.949478889036529,0.011057982195651572
33,1968Q1,47.0426766107313,3.8510552027099214,0.02152168865703885,23.58607830950901,3.160656635831393,0.017469097250972343,17.909674746219185,2.8853410554509438,0.018899969894421442,11.378703128237,0.014950000000000001,113.57600000000001,4.7324722163612725,0.009545661739026379,0.5469235550031075,-0.6034462395201311,0.0050926026458884,2.9605195177982466,0.011040628761717741
34,1968Q2,47.798677669007226,3.8669979752864587,0.015942772576537312,23.93009071805648,3.17513669288913,0.014480057057737028,18.2819947721798,2.9059166832770846,0.020575627826140863,11.460201937368664,0.014858333333333331,114.37200000000001,4.73945629374349,0.00698407738221718,0.5500486904822921,-0.5977484765243838,0.005697762995747313,2.9709784090877616,0.010458891289514938
35,1968Q3,48.17032939146323,3.874743258722616,0.007745283436157102,24.29071714967264,3.1900942670604424,0.014957574171312604,18.195198700705475,2.901157751625844,-0.004758931651240417,11.541389636096026,0.014791666666666665,115.081,4.745636228252822,0.006179934509332519,0.5555499162564077,-0.5877968156921042,0.009951660832279607,2.9807709084138305,0.00979249932606896
36,1968Q4,48.400980931885286,3.8795200807049217,0.00477682198230589,24.38316400580551,3.1938928943776914,0.0037986273172490037,18.3073920224213,2.90730491393877,0.006147162312925669,11.57599719733747,0.016416666666666666,116.154,4.754916896849867,0.009280668597044794,0.5552775136379561,-0.5882872656334382,-0.0004904499413340702,2.9947818220179956,0.014010913604165065
37,1969Q1,49.195026502204385,3.8957925310350223,0.016272450330100607,24.619804824887304,3.203551193222338,0.009658298844646751,18.883439837519198,2.9382853389057564,0.030980424966986497,11.576757319066726,0.020816666666666664,117.229,4.764129286807655,0.009212389957787614,0.5585277653935701,-0.5824509474855487,0.005836318147889541,3.0050388328742907,0.010257010856295157
38,1969Q2,49.300528272353745,3.8979347964547992,0.002142265419776912,24.84347485814909,3.2125951369011663,0.009043943678828104,18.827039718254746,2.9352941193836672,-0.002991219522089139,11.587751907650167,0.02245833333333333,117.795,4.7689458254949475,0.004816538687292926,0.5613382899628253,-0.5774315427869148,0.005019404698633934,3.0176894409060333,0.01265060803174256
39,1969Q3,49.62616371617384,3.9045181889323795,0.006583392477580219,24.98673484154165,3.2183450777085074,0.005749940807341147,18.986059524383773,2.943705000627123,0.00841088124345557,11.69745791326998,0.02235,117.43700000000001,4.7659020195808,-0.003043805914147768,0.5643239592880228,-0.5721267964855108,0.005304746301403984,3.0316301645509753,0.013940723644942032
40,1969Q4,49.29040861034384,3.89772951060672,-0.006788678325659436,25.23097437851224,3.22807238174522,0.009727304036712514,18.635108105533856,2.925047334123617,-0.018657666503505865,11.563006000571482,0.021433333333333332,116.96600000000001,4.761883294275293,-0.004018725305506621,0.5672444994761405,-0.5669648521939857,0.005161944291525056,3.0444271950927497,0.01279703054177439
41,1970Q1,49.20165304780689,3.8959272214665046,-0.0018022891402154073,25.45787545787546,3.237025143373878,0.008952761628658212,18.43711843711844,2.9143659389499463,-0.010681395173670616,11.641777026392411,0.0197,115.42399999999999,4.748612304721129,-0.01327098955416428,0.568235183619799,-0.5652198902897191,0.0017449619042666509,3.0584253428924146,0.013998147799664906
42,1970Q2,49.196424436107634,3.895820946794522,-0.0001062746719826535,25.501366310036587,3.23873203151473,0.0017068881408519587,18.43360659534065,2.914175444090661,-0.00019049485928546162,11.537214580149135,0.016758333333333333,114.84200000000001,4.743557270635872,-0.005055034085256871,0.5695891806771339,-0.5628399136624991,0.002379976627220004,3.072276561193777,0.013851218301362156
43,1970Q3,49.70599044468945,3.9061254579254814,0.010304511130959426,25.794744579198824,3.250170772697553,0.011438741182822731,18.540977581771408,2.9199832869985087,0.00580784290784786,11.69606762219772,0.013916666666666666,113.96,4.735847509629708,-0.007709761006164051,0.5706082322675486,-0.5610524129188886,0.0017875007436104484,3.080441001480945,0.00816444028716834
44,1970Q4,49.220166848023204,3.8963034347991634,-0.00982202312631797,25.974791439970986,3.2571265076930365,0.006955734995483631,18.194595574900255,2.9011246035513754,-0.018858683447133373,11.72923467537178,0.009641666666666666,114.49600000000001,4.740539887886254,0.004692378256546448,0.5747642364889373,-0.553795345764906,0.007257067153982666,3.093584673721496,0.013143672240550686
45,1971Q1,50.49350185342326,3.921844651831989,0.025541217032825525,25.952391585905055,3.2562637666718586,-0.000862741021177893,18.994238756643295,2.944135709850386,0.04301110629901084,11.696663838149256,0.011408333333333331,114.869,4.743792348626253,0.0032524607399988525,0.5744718860256354,-0.554304119312623,-0.0005087735477170563,3.1086590924092015,0.015074418687705649
46,1971Q2,50.98964073176108,3.9316224891854286,0.009777837353439622,26.10535596208949,3.262140502551564,0.005876735879705386,19.224156931893322,2.9561676617327937,0.012031951882407466,11.730218205862906,0.013683333333333332,114.869,4.743792348626253,0.0,0.574829182279039,-0.5536823566174204,0.0006217626952026434,3.121703913115927,0.013044820706725524
47,1971Q3,51.38331296910456,3.9393134693442415,0.007690980158812977,26.278582649677084,3.268754259501302,0.006613756949738203,19.309652644440565,2.9606051079016527,0.004437446168858994,11.773433408971897,0.011875,116.103,4.754477728163286,0.010685379537032524,0.572918484901379,-0.557011832594358,-0.003329475976937668,3.1318353565463313,0.010131443430404286
48,1971Q4,51.59475483619683,3.943420016859457,0.004106547515215553,26.58934522006319,3.2805105799070935,0.011756320405791332,19.12840264854806,2.9511742801513288,-0.009430827750323889,11.775652399705718,0.00885,117.41,4.76567208264212,0.011194354478834434,0.5839788808586144,-0.5378904597211355,0.019121372873222575,3.140135601926369,0.008300245380037818
49,1972Q1,52.60891806633131,3.9628856503598247,0.019465633500367563,26.779776622047915,3.287646999005233,0.007136419098139335,19.60951487765368,2.9760149013838273,0.024840621232498528,12.030011083638843,0.01075,118.26100000000001,4.772894046301461,0.007221963659341135,0.5819762980646263,-0.5413255570548525,-0.003435097333717052,3.1552115880993132,0.015075986172944145
50,1972Q2,53.834095915946456,3.9859070195155666,0.023021369155741933,27.25385527876631,3.3051949892220325,0.017547990216799647,20.382138620572785,3.0146589595104856,0.038644058126658276,12.1377732587697,0.011850000000000001,118.931,4.778543493011212,0.005649446709750983,0.5860447381799695,-0.5343591473022441,0.006966409752608427,3.1614161891949224,0.0062046010956091635
51,1972Q3,54.26772975241292,3.993929754740627,0.008022735225060362,27.62064624422996,3.3185635453985887,0.01336855617655619,20.696600923206045,3.0299694801795387,0.01531052066905314,11.930339907679397,0.012858333333333331,120.176,4.788957334943656,0.010413841932443546,0.5914393621485523,-0.52519611620582,0.009163031096424135,3.170945291110651,0.009529101915728422
52,1972Q4,55.191845529129026,4.0108152164489255,0.01688546170829852,28.05585481064059,3.3341973378401906,0.0156337924416019,21.040855224993784,3.046466034619169,0.016496554439630273,12.086682688323526,0.016341666666666664,121.985,4.803898086354513,0.014940751410857267,0.5993204607607525,-0.5119588310015882,0.01323728520423173,3.1836216346514092,0.012676343540758417
53,1973Q1,56.4845158118958,4.033966544165447,0.02315132771652184,28.395870883172215,3.3462437431592025,0.01204640531901191,21.70244142225135,3.077424762155721,0.030958727536551933,12.272652793708014,0.019541666666666666,123.26899999999999,4.814368959256653,0.01047087290213966,0.600729149598558,-0.5096111122528342,0.0023477187487540574,3.1950748146822483,0.01145318003083906
54,1973Q2,56.94113850002018,4.04201807638165,0.008051532216202695,28.61177229999597,3.353818252014973,0.007574508855770379,22.17291322063985,3.0988714187230593,0.02144665656733835,12.212046637350223,0.0264,124.102,4.821103808116155,0.006734848859502485,0.6018880864969541,-0.5076837537843687,0.0019273584684654788,3.21031932218508,0.015244507502831794
55,1973Q3,56.48595172140878,4.033991965136864,-0.008026111244785916,28.812821527502965,3.3608204800005623,0.007002227985589471,21.931143648595175,3.0879077110287754,-0.010963707694283897,12.037989711119904,0.024991666666666666,124.72,4.826071224749521,0.004967416633365751,0.6023347843292441,-0.5069418681025731,0.0007418856817955621,3.2296179214001026,0.019298599215022527
56,1973Q4,56.931672680712374,4.041851823889392,0.007859858752527593,28.933379893687196,3.36499594222572,0.0041754622251577445,22.4498506188647,3.1112839602180054,0.02337624918922998,12.12897218018857,0.023308333333333327,124.18299999999999,4.821756284124562,-0.004314940624959185,0.6040429907267295,-0.5041099068803799,0.0028319612221932022,3.249327432324029,0.019709510923926477
57,1974Q1,56.542269611576536,4.034988493157286,-0.006863330732105766,29.139375476009135,3.3720903686914476,0.007094426465727555,21.98400609291698,3.0903151931922377,-0.020968767025767665,12.361005331302362,0.028125,124.512,4.824402096802143,0.0026458126775814605,0.6083777608530083,-0.4969592727611361,0.007150634119243826,3.26804686887465,0.018719436550620916
58,1974Q2,57.023809523809526,4.0434688915616475,0.008480398404361544,29.382440476190474,3.3803972331976,0.00830686450615259,22.15029761904762,3.097850932926727,0.0075357397344895105,12.462797619047619,0.030225,124.075,4.820886221473504,-0.003515875328639062,0.6119791666666666,-0.49105703844356796,0.005902234317568145,3.2913825156549485,0.023335646780298536
59,1974Q3,56.6358247795287,4.036641731617682,-0.0068271599439651,29.38412606621368,3.3804545988094725,5.736561187230649e-05,21.638716206447885,3.074484127192968,-0.023366805733759044,12.530721411016337,0.023366666666666664,122.024,4.804217746697632,-0.016668474775872077,0.6109585080237098,-0.4927262304245826,-0.0016691919810146172,3.320276510738338,0.028893995083389523
60,1974Q4,56.16529738080191,4.028299081850314,-0.008342649767368648,29.21143178147602,3.3745601320239724,-0.0058944667855000965,21.494277087283198,3.067786717714076,-0.00669740947889208,12.611473913348782,0.015758333333333333,118.18700000000001,4.7722681158438895,-0.03194963085374258,0.611544133136718,-0.4917681545266881,0.0009580758978944837,3.349272308797236,0.028995798058897737
61,1975Q1,54.91434652751553,4.005774635461149,-0.02252444638916451,29.297263895087372,3.3774941292423857,0.0029339972184132534,19.928593497888702,2.992155559626432,-0.07563115808764387,12.705551168938172,0.01355,117.09700000000001,4.763002651146547,-0.009265464697342907,0.6107315733461498,-0.49309773983377025,-0.0013295853070821595,3.371734241511514,0.0224619327142781
62,1975Q2,55.14850145457006,4.010029573155728,0.004254937694578409,29.663080982342198,3.3899032079954288,0.01240907875304309,19.89378255869021,2.9904072486760294,-0.0017483109504028427,12.631080441106825,0.0154,118.165,4.77208195283225,0.009079301685702923,0.6123739936404843,-0.4904120823960744,0.002685657437695832,3.386489752789881,0.014755511278367273
63,1975Q3,56.435314452865306,4.033095105339711,0.023065532183982995,29.92953064752028,3.3988456400684206,0.008942432072991835,20.648849886983115,3.0276596223103756,0.03725237363434619,12.810796436644063,0.013533333333333333,120.20100000000001,4.789165341534055,0.01708338870180537,0.6115543145858263,-0.4917515059091912,-0.0013394235131167775,3.4039934689641567,0.017503716174275485
64,1975Q4,57.14846176480204,4.045652474127089,0.012557368787378564,30.169679929381765,3.406837444211207,0.007991804142786219,20.789878052767516,3.0344662361849704,0.006806613874594802,12.933599241507832,0.012066666666666665,122.18,4.805495367221621,0.016330025687565808,0.6130382188511458,-0.48932799776081043,0.0024235081483807708,3.420575082088392,0.01658161312423534
65,1976Q1,58.74284235385461,4.073169313327298,0.027516839200209198,30.623402672187897,3.4217645098617897,0.014927065650582882,21.739833716152823,3.0791462329127914,0.04467999672782108,12.982433437934716,0.012991666666666665,122.228,4.805888153060195,0.0003927858385743832,0.618032415644916,-0.48121437040016657,0.00811362736064386,3.431112107610358,0.010537025521966115
66,1976Q2,59.34277112292614,4.083330312844201,0.010160999516902969,30.862853116392287,3.4295532962062416,0.007788786344451903,22.272756389725195,3.103364245039286,0.02421801212649477,12.843507782973544,0.013208333333333332,122.71600000000001,4.809872742563613,0.003984589503417624,0.6247197488950099,-0.4704521315758551,0.010762238824311487,3.441122974534475,0.01001086692411679
67,1976Q3,59.78308986277113,4.090722842752758,0.007392529908556433,31.271738443053184,3.4427147645215874,0.013161468315345815,22.41510149876684,3.109734905759847,0.006370660720560917,12.758489850123317,0.012183333333333332,123.37899999999999,4.8152609187073105,0.005388176143697798,0.6298931259090621,-0.4622051154014781,0.008247016174377009,3.453979567101125,0.012856592566650171
68,1976Q4,60.29137673956262,4.099189087529408,0.008466244776649923,31.58859343936382,3.452796088319818,0.010081323798230457,22.592569582504968,3.117621072683221,0.00788616692337385,12.760934393638172,0.01165,124.685,4.8257905567578625,0.01052963805055196,0.630529324055666,-0.46119561545064763,0.0010094999508304392,3.471717974477274,0.017738407376148846
69,1977Q1,61.438048362936016,4.118029323408729,0.018840235879321376,31.92504050625172,3.4633906707119007,0.010594582392082774,23.1359481519978,3.141387604964066,0.02376653228084491,12.87640243343218,0.012891666666666666,127.066,4.844706636508457,0.018916079750594506,0.6331203570664303,-0.4570947373661095,0.004100878084538129,3.4877114127736024,0.015993438296328488
70,1977Q2,62.61304714819728,4.1369736772871555,0.018944353878426412,32.15965271916074,3.470712645718902,0.007321975007001491,23.917761967924758,3.1746213614912726,0.033233756527206726,13.004943928614495,0.01455,128.428,4.8553684360182,0.010661799509742664,0.6364705173037503,-0.4518171820830112,0.005277555283098312,3.5017061465889574,0.013994733815354987
71,1977Q3,63.709197045508695,4.15432893277647,0.01735525548931438,32.550035739814156,3.482778466651338,0.012065820932436022,24.5413390517036,3.200359003878182,0.025737642386909343,13.045032165832737,0.01628333333333333,129.688,4.865131565839272,0.009763129821072525,0.639683106981177,-0.446782370595265,0.005034811487746205,3.5138115260312897,0.012105379442332254
72,1977Q4,63.960234395498674,4.158261552679155,0.0039326199026854525,32.77163931080726,3.489563486201891,0.006785019550552995,24.66108859800006,3.205226641044109,0.004867637165927086,13.022943937494533,0.016891666666666666,130.293,4.869785760508126,0.004654194668853862,0.6427800938748142,-0.44195261343461184,0.0048297571606531475,3.53517450826586,0.02136298223457045
73,1978Q1,64.41091954022988,4.165283176815065,0.0070216241359100096,33.21551724137931,3.5030171535197927,0.013453667317901541,24.88218390804598,3.214152041673327,0.008925400629217872,13.005747126436784,0.018208333333333333,134.092,4.898526131535676,0.028740371027550005,0.6444252873563219,-0.43939638674173964,0.002556226692872199,3.5496173867804286,0.014442878514568491
74,1978Q2,66.3809389538982,4.19540995132433,0.03012677450926482,33.70083180600592,3.517522519724503,0.014505366204710324,25.811363315945297,3.2508148335654914,0.03666279189216448,13.317355138869306,0.02025,135.216,4.906873499802127,0.008347368266450772,0.644409981672071,-0.4394201379295282,-2.3751187788578765e-05,3.56854629465405,0.018928907873621448
75,1978Q3,67.06684781101839,4.2056898505133455,0.010279899189015396,33.9784290348518,3.5257258831224267,0.008203363397923713,26.28441511631131,3.2689761824092813,0.01816134884378995,13.425014556242548,0.023958333333333325,136.855,4.9189219711729235,0.012048471370796676,0.6494302270773838,-0.4316598742349676,0.007760263694560621,3.5853783198457405,0.01683202519169047
76,1978Q4,67.74167255338804,4.215701537864088,0.010011687350742093,34.209096342987564,3.5324915836446524,0.006765700522225693,26.767374884529698,3.2871837908833803,0.01820760847409897,13.481497581915992,0.025183333333333325,137.832,4.926035552230105,0.007113581057181406,0.652746834755203,-0.4265659205066465,0.00509395372832111,3.605660875363003,0.020282555517262324
77,1979Q1,67.90479240046963,4.218106612345992,0.0024050744819046344,34.52342832746291,3.5416381755209434,0.009146591876290966,26.961255203330133,3.2944008429473395,0.007217052063959173,13.389902871170884,0.02545,138.268,4.92919383084231,0.003158278612205301,0.6558063827516277,-0.42188968184733333,0.004676238659313159,3.623700728088942,0.01803985272593911
78,1979Q2,68.0679272803042,4.220506137169667,0.0023995248236747813,34.78408084596552,3.5491598351646374,0.007521659643694001,27.071938323696415,3.2984977051889635,0.0040968622416239775,13.452622805646715,0.027366666666666664,139.542,4.938365631216174,0.009171800373863448,0.654320987654321,-0.4241572411203169,-0.0022675592729835548,3.6479011973853783,0.024200469296436378
79,1979Q3,68.57827394606718,4.227975778244248,0.007469641074581368,35.19906203802824,3.5610194356020983,0.011859600437460927,27.21873884895754,3.3039056643703058,0.005407959181342292,13.587704541978896,0.03394166666666667,139.836,4.940470307379127,0.0021046761629532895,0.656573380231432,-0.42072081657104093,0.0034364245492759515,3.669543717807194,0.021642520421815803
80,1979Q4,68.83289124668435,4.231681701146024,0.0037059229017755158,35.68389970471948,3.5746995983963004,0.013680162794202033,27.208347930534003,3.303523835425763,-0.0003818289445427503,13.708022621490414,0.03761666666666666,139.484,4.937949899342905,-0.0025204080362222214,0.6627546168860416,-0.411350467581451,0.009370348989589938,3.687929002577941,0.018385284770746857
81,1980Q1,69.25320457831917,4.237769419495963,0.006087718349939486,36.033430553172714,3.58444713402631,0.00974753563000963,27.31550697286831,3.3074545619122464,0.003930726486483405,13.940834783461188,0.031716666666666664,136.933,4.919491755108744,-0.01845814423416048,0.6667728732138918,-0.40530581097578866,0.006044656605662335,3.7087065909136774,0.020777588335736397
82,1980Q2,67.33218423824572,4.209638342818845,-0.028131076677118116,35.73685722493536,3.576182571475777,-0.008264562550532872,25.979124772574927,3.2572933221674742,-0.05016123974477216,14.088384563822657,0.024591666666666664,136.296,4.914828991243241,-0.004662763865503017,0.6678875801972614,-0.4036354127262393,0.001670398249549343,3.732226258617302,0.02351966770362468
83,1980Q3,66.76033251375718,4.201109079514562,-0.008529263304283496,36.02388479100808,3.5841821848764592,0.007999613400682115,25.093080435546188,3.222592128272343,-0.034701193895131155,13.86722866174921,0.039633333333333326,138.138,4.928253185490289,0.013424194247047438,0.6706474651680131,-0.39951166730566573,0.004123745420573588,3.7543160093981105,0.022089750780808437
84,1980Q4,68.28928750741704,4.223752909581582,0.022643830067019977,36.416541147473644,3.595023098550354,0.010840913673894725,26.080606143593958,3.2611919784905905,0.03859985021824741,13.896115751517641,0.041425000000000003,138.922,4.9339126245473635,0.005659439057074778,0.6700670957140902,-0.40037742875423543,-0.0008657614485697018,3.7800446918660278,0.025728682467917263
85,1981Q1,69.78786800675977,4.245460183870073,0.021707274288491618,36.46046428889087,3.5962285033683097,0.0012054048179557242,27.425953926887843,3.3114897886698795,0.050297810179289026,14.084319131904294,0.04445,139.029,4.934682544463359,0.0007699199159958425,0.664146580094281,-0.40925240071405783,-0.008874971959822398,3.8060400738875133,0.025995382021485547
86,1981Q2,69.24972199812485,4.237719130591879,-0.007741053278194521,36.55670148049626,3.5988645204286094,0.0026360170602997,26.875695004687874,3.291222346752995,-0.020267441916884454,14.14429932625428,0.043941666666666664,138.916,4.933869433911086,-0.0008131105522730664,0.6658744521727755,-0.40665413646312637,0.002598264250931459,3.8256586917751476,0.019618617887634304
87,1981Q3,69.94392843384838,4.2476938986859185,0.009974768094039632,36.51500235414972,3.5977231995428287,-0.0011413208857806723,27.423704147583788,3.311407754273156,0.020185407520160847,14.0778153490562,0.033966666666666666,138.297,4.929403546461469,-0.004465887449617512,0.6644052561742927,-0.40886299011490934,-0.0022088536517829715,3.8443007549317656,0.018642063156617983
88,1981Q4,69.33142592670511,4.23889827998226,-0.008795618703658192,36.55488702823243,3.598814885280442,0.0010916857376130906,26.909159759330162,3.2924667401461725,-0.018941014126983458,14.257163293642447,0.03556666666666666,135.93,4.912140047347156,-0.017263499114312353,0.6704253797281946,-0.39984287294105514,0.009020117173854203,3.861445244459175,0.017144489527409323
89,1982Q1,68.28671038432805,4.223715170547943,-0.01518310943431711,36.68548186270441,3.6023810872222413,0.003566201941799463,25.487673279654683,3.2381949344906924,-0.054271805655480065,14.279488669378269,0.03628333333333333,136.57,4.9168373036903334,0.004697256343177081,0.6664729808251016,-0.4057556790821688,-0.005912806141113669,3.8751100274046064,0.013664782945431497
90,1982Q2,68.34924406932437,4.224630503406157,0.0009153328582138798,36.678002212480024,3.6021771805963607,-0.00020390662588054553,25.24480681771623,3.228620463982778,-0.0095744705079146,14.403654689228501,0.027516666666666665,135.58100000000002,4.909569247694752,-0.007268055995581335,0.6682713975498833,-0.4030609041990789,0.00269477488308989,3.8880171569613,0.012907129556693597
91,1982Q3,68.59572577061367,4.2282302262398845,0.003599722833727448,37.03793479578233,3.611942652170159,0.009765471573798479,25.10200783743385,3.222947836461688,-0.005672627521089879,14.489152829960004,0.023216666666666663,134.306,4.900120778629533,-0.009448469065219456,0.6686866238435745,-0.402439753347074,0.0006211508520049258,3.9020938743502613,0.014076717388961324
92,1982Q4,68.6179251884284,4.228553800721771,0.0003235744818868014,37.609708310841874,3.627262216824461,0.015319564654301843,24.108838641316304,3.1825785218631153,-0.040369314598572625,14.742397888802255,0.02163333333333333,135.144,4.906340876620427,0.006220097990894402,0.6684859753293748,-0.4027398619730356,-0.0003001086259615815,3.9124029332464314,0.010309058896170065
93,1983Q1,69.40690914141715,4.239986417909286,0.011432617187514538,38.012183264876874,3.6379067205748683,0.010644503750407264,24.257396273587716,3.1887215718528403,0.006143049989725036,14.840169057682004,0.02200833333333333,136.72799999999998,4.917993550846204,0.011652674225777204,0.6698216163660535,-0.40074384627618337,0.0019960156968522047,3.9199316494961867,0.007528716249755263
94,1983Q2,71.38326997695535,4.268063527841469,0.028077109932183042,38.60077603356247,3.6532723807651295,0.015365660190261199,25.345177365031216,3.2325884699282823,0.043866898075441974,14.990841228260228,0.02365,139.481,4.937928391268414,0.019934840422210165,0.6684130704536054,-0.40284892761426194,-0.0021050813380785738,3.9273253254365885,0.007393675940401856
95,1983Q3,73.16949581960982,4.292778610337961,0.024715082496491902,39.3190543937947,3.671709246001857,0.018436865236727495,26.12890023581688,3.2630419904652688,0.030453520536986467,15.244294595700728,0.023575,142.1,4.956531035103055,0.018602643834640276,0.6689403831537097,-0.4020603361973723,0.0007885914168896391,3.9379051541422467,0.010579828705658212
96,1983Q4,74.77949709864603,4.314543744448072,0.02176513411011083,39.7137330754352,3.6816970491717647,0.00998780316990766,27.36943907156673,3.3094270285629546,0.04638503809768579,14.992263056092844,0.024216666666666664,144.83700000000002,4.975608972172577,0.019077937069522655,0.6714700193423598,-0.39828591130914665,0.003774424888225658,3.9454577815143836,0.007552627372136911
97,1984Q1,76.6539647281849,4.339301329070602,0.024757584622530082,39.959404859927616,3.68786406027424,0.006167011102475417,28.673189973766352,3.355962538922588,0.046535510359633214,15.204028876165674,0.02639166666666666,146.72,4.988526008508154,0.012917036335577059,0.6717346762920552,-0.3978918433700151,0.00039406793913154825,3.955523010873997,0.010065229359613515
98,1984Q2,78.1070818302639,4.35808072917862,0.01877940010801815,40.52781469527245,3.7019885209845667,0.01412446071032658,29.26333776343269,3.376335461657376,0.02037292273478819,15.551547370419593,0.028475,147.341,4.992749628254847,0.0042236197466927194,0.6758116574900322,-0.3918408549394614,0.006050988430553683,3.964046033495298,0.008523022621300669
99,1984Q3,78.81553690391058,4.367110146259967,0.00902941708134719,40.863412247355946,3.710235096606419,0.008246575621852159,29.423388159132823,3.381789873706563,0.005454412049187063,15.726975046106366,0.023166666666666665,148.282,4.999115866187253,0.006366237932406094,0.6752418231773872,-0.3926843957090731,-0.0008435407696116837,3.972892303191333,0.00884626969603497
100,1984Q4,79.50537955768083,4.375824686763163,0.00871454050319631,41.243275552898986,3.7194880825925725,0.00925298598615365,29.223326359832637,3.3749672383045235,-0.006822635402039534,16.116258218768678,0.02119166666666666,149.464,5.007055561157537,0.007939694970283462,0.6787955768081292,-0.3874352618363882,0.005249133872684886,3.9803543248044133,0.007462021613080516
101,1985Q1,79.9315638583187,4.381170816795192,0.005346130032028995,41.9495052251919,3.736466638450142,0.016978555857569688,28.71173587348562,3.357305954634897,-0.017661283669626382,16.19532044760936,0.01980833333333333,150.47,5.013763728770787,0.0067081676132501045,0.6785720891519467,-0.387764557522158,-0.0003292956857697815,3.9901870263975003,0.009832701593087023
102,1985Q2,81.03394409424217,4.394868129781987,0.01369731298679433,42.42552331244372,3.7477501460458345,0.0112835075956923,29.03350302317461,3.3684504398291093,0.011144485194212184,16.549354014665614,0.01975,150.892,5.016564349126564,0.002800620355777106,0.6842298715380516,-0.3794613483182166,0.008303209203941397,3.996603095901209,0.006416069503708766
103,1985Q3,82.27288504046327,4.410041588518608,0.015173458736621015,43.068266929723606,3.762786459800977,0.015036313755142583,28.91251529931861,3.3642745567167296,-0.004175883112379708,16.941597705558905,0.020258333333333333,151.651,5.021581828244072,0.005017479117507939,0.6929906285964816,-0.3667388028324697,0.012722545485746917,4.002612971622508,0.006009875721298741
104,1985Q4,83.1562119643214,4.42072091077774,0.01067932225913193,43.51917452358894,3.7732016346193813,0.01041517481840426,29.661925263865424,3.389864245724709,0.0255896890079792,17.050883790215636,0.019566666666666663,151.411,5.019997993582051,-0.0015838346620205002,0.6990208367395135,-0.35807472783708955,0.008664074995380133,4.008187365770926,0.005574394148418094
105,1986Q1,83.76385097883262,4.428001541852496,0.007280631074756627,43.961605900110264,3.783316659807906,0.010115025188524918,29.695775564433035,3.3910047988042518,0.001140553079542972,17.114658086440954,0.0173,151.01,5.017346059787697,-0.002651933794354022,0.7035664575839192,-0.35159293981917833,0.006481788017911216,4.013152583278152,0.004965217507225894
106,1986Q2,84.17280437953575,4.432871880709746,0.004870338857249301,44.01505465415713,3.784531726628721,0.0012150668208148474,29.221515910032235,3.3749052841703118,-0.016099514633939993,17.422700833768527,0.015516666666666665,151.775,5.022399161016498,0.005053101228800649,0.7097116925681152,-0.3428964582196984,0.008696481599479944,4.0169414233751795,0.0037888400970276237
107,1986Q3,85.13038487750636,4.444184020941853,0.011312140232107026,44.32547795831988,3.7915596349437566,0.007027908315035525,28.817389432906488,3.36097900468187,-0.013926279488441828,17.81986441407511,0.015666666666666666,152.915,5.0298822114587125,0.007483050442214534,0.7163456365005918,-0.33359249595663576,0.009303962263062626,4.0210208978032576,0.0040794744280781
108,1986Q4,85.46252363454748,4.448077959788623,0.003893938846770695,44.80218329706397,3.8022568725429253,0.01069723759916874,28.916199921515464,3.364401988985898,0.0034229843040280983,17.773179693910315,0.01555,154.816,5.042237314987562,0.012355103528849831,0.7156005850665336,-0.3346331097591235,-0.0010406138024877665,4.026458221161629,0.005437323358371771
109,1987Q1,86.20298486298698,4.456704804250964,0.008626844462340522,45.464213548867384,3.816925501081875,0.01466862853894968,29.57566734021057,3.386951973944979,0.022549984959081115,17.879045694636464,0.016625,155.667,5.047719110326118,0.0054817953385555285,0.7164025665567727,-0.3335130262269381,0.0011200835321854008,4.032788256522995,0.00633003536136556
110,1987Q2,87.1904099702512,4.4680943474616,0.0113895432106359,46.017356404795024,3.8290186384721077,0.012093137390232656,29.69423858895598,3.390953040086922,0.004001066141942733,18.046436304106745,0.017108333333333333,156.744,5.054613901268466,0.006894790942348017,0.7187593515112043,-0.3302286761570193,0.00328435006991884,4.039694763879344,0.00690650735634879
111,1987Q3,87.87889376124672,4.475959659376718,0.007865311915118411,46.417652300005244,3.8376798243843258,0.008661185912218095,29.651112004053182,3.389499629093016,-0.0014534109939057238,18.103041632453397,0.017291666666666664,158.385,5.065028777926587,0.01041487665812113,0.7217456629221335,-0.3260824695709216,0.0041462065860977115,4.047235484235154,0.007540720355810215
112,1987Q4,89.32143166652222,4.492241455353603,0.016281795976884617,46.81514862639744,3.8462068391459847,0.008527014761658958,30.735765664269,3.4254269818518024,0.035927352758786224,18.303145853193517,0.016658333333333334,158.539,5.066000619832664,0.0009718419060771311,0.7284686714619983,-0.3168106584417984,0.009271811129123175,4.0551705146466315,0.007935030411477584
113,1988Q1,89.38380311967943,4.4929394926076816,0.0006980372540787982,47.491702065454795,3.860555002421087,0.014348163275102355,30.04454228077115,3.4026810232139013,-0.022745958637901076,18.176346157153425,0.017891666666666667,160.792,5.08011160426345,0.014110984430786289,0.7315080743632517,-0.31264702049230764,0.004163637949490762,4.062974286920155,0.007803772273523357
114,1988Q2,90.21170779895424,4.502159216860089,0.009219724252407246,48.004700832864955,3.871298940130688,0.010743937709600804,30.453221603392773,3.4161917883425175,0.013510765128616153,18.231056154514334,0.01995833333333333,161.205,5.082676846961227,0.002565242697776249,0.7334491509546438,-0.30999700765399296,0.002650012838314675,4.072661167390942,0.009686880470787251
115,1988Q3,90.58486914078937,4.50628719182561,0.004127974965521197,48.66616174366742,3.8849839578562833,0.013685017725595383,30.51081376756711,3.418081170531752,0.001889382189234734,18.146932592779603,0.021175000000000003,163.017,5.093854489846999,0.011177642885772165,0.7302196415046706,-0.31440991132111984,-0.004412903667126877,4.08454671974199,0.011885552351047934
116,1988Q4,91.89540956798878,4.5206510778201645,0.014363885994554515,49.19654924994577,3.8958234838423103,0.010839525986026999,30.853176258572642,3.4292397031900688,0.011158532658316567,18.520248961270838,0.02360833333333333,164.638,5.103749124295726,0.009894634448727402,0.7260257971933454,-0.3201697314644674,-0.005759820143347583,4.093160528197056,0.008613808455065985
117,1989Q1,92.68409492510693,4.529196882070062,0.008545804249897593,49.60447872112034,3.9040811264511524,0.008257642608842097,31.50958664310604,3.450291837406592,0.0210521342165233,18.440044258748532,0.024316666666666664,165.263,5.107538144321389,0.00378902002566317,0.72153320231863,-0.3263768833673886,-0.006207151902921204,4.103519014601639,0.010358486404583367
118,1989Q2,93.15173698486878,4.534229744054297,0.005032861984235026,50.009804241968695,3.9122190710454006,0.008137944594248214,31.51573580835975,3.4504869705700267,0.0001951331634346687,18.722834079545084,0.022708333333333327,165.627,5.109738272139277,0.002200127817887143,0.7204156998594725,-0.3279268726647898,-0.0015499892974011886,4.114114509245724,0.010595494644084269
119,1989Q3,93.60856517154676,4.5391218875399435,0.004892143485646372,50.349582285667935,3.918990322917008,0.006771251871607653,31.35371887419904,3.4453328844199795,-0.005154086150047199,18.892043150296047,0.021533333333333335,165.625,5.109726196740486,-1.2075398790223346e-05,0.7254602968610593,-0.3209489333641132,0.006977939300676639,4.121392123320516,0.007277614074792105
120,1989Q4,93.90503189227498,4.5422839725556,0.0031620850156564018,50.92777527221183,3.930408457873149,0.011418134956140857,31.3623477868694,3.4456080583326374,0.0002751739126578556,19.014560917466657,0.020625,166.107,5.112632159018422,0.002905962277935714,0.734279363443077,-0.3088657186331252,0.012083214730988001,4.128488306788938,0.007096183468422446
121,1990Q1,94.99314784714919,4.553804761074452,0.011520788518851965,51.35130828313733,3.9386904138131564,0.008281955940007357,31.63144978806132,3.4541518721211046,0.008543813788467247,19.321477515377506,0.02060833333333333,165.378,5.10823376286015,-0.004398396158271645,0.7406061764987094,-0.3002862706795705,0.008579447953554697,4.139222321000186,0.010734014211247533
122,1990Q2,95.00606710055628,4.553940753777691,0.00013599270323894075,51.767338512693634,3.9467594197544122,0.008069005941255813,31.448067195108496,3.4483375248225836,-0.005814347298521039,19.394235466536394,0.0204,164.503,5.1029288071212,-0.005304955738950845,0.7421718644121217,-0.2981744394383384,0.0021118312412320983,4.150362511164299,0.01114019016411305
123,1990Q3,95.15632568241121,4.555521072692775,0.0015803189150842556,52.391368884861166,3.9587418618220727,0.011982442067660415,31.310448274245715,3.4439518525224955,-0.004385672300088128,19.41532163559944,0.01935833333333333,163.803,5.098664486269566,-0.0042643208516333075,0.7415040389993905,-0.2990746703530508,-0.0009002309147124188,4.1588987082376025,0.008536197073303775
124,1990Q4,94.35612699102005,4.547076208667643,-0.008444864025132226,52.53035966313569,3.96139128175636,0.002649419934287245,30.496145912495926,3.417600312104099,-0.02635154041839627,19.673682088186485,0.016066666666666667,162.186,5.088743824762527,-0.009920661507039519,0.7403880453495044,-0.30058084461856954,-0.001506174265518745,4.166308571061412,0.007409862823809732
125,1991Q1,93.4171927076134,4.537075404393515,-0.010000804274127972,52.24930501159594,3.956026589542984,-0.005364692213376099,29.777757299298106,3.3937617154642625,-0.023838596639836673,19.72384770154664,0.01465833333333333,161.189,5.082577589530795,-0.006166235231731321,0.7472392449584544,-0.2913698707507684,0.00921097386780112,4.176062788506958,0.009754217445546054
126,1991Q2,93.77010688093675,4.540846115251048,0.0037707108575331105,52.627807339869186,3.963244636705472,0.007218047162488084,29.705581898851904,3.3913349708719194,-0.002426744592343155,19.769161571652916,0.014108333333333332,160.99,5.081342251254203,-0.0012353382765928345,0.7506975467699392,-0.2867524423318727,0.00461742841889573,4.183377505579922,0.007314717072963717
127,1991Q3,94.2071740873538,4.54549633672229,0.004650221471242055,52.78445967412517,3.966216823036613,0.0029721863311409358,29.832523941360687,3.395599205787479,0.004264234915559495,19.762780072315767,0.012041666666666666,160.725,5.0796948300277505,-0.001647421226452117,0.754761796698891,-0.28135308057511454,0.0053993617567581476,4.191153618150161,0.007776112570239135
128,1991Q4,94.56175178968898,4.54925307918087,0.0037567424585800424,52.976297900499304,3.9698446040996225,0.0036277810630096496,30.07128677134091,3.40357078861366,0.007971582826181045,19.683570955904468,0.01005833333333333,159.754,5.0736351320678015,-0.006059697959948984,0.7698670516753894,-0.2615374392037212,0.019815641371393355,4.197081639673213,0.005928021523051719
129,1992Q1,95.65021951182966,4.560697990832187,0.011444911651317113,54.00440522033593,3.989065621391327,0.019221017291704445,29.885074693957055,3.397359181652617,-0.006211606961042726,19.8744362366832,0.009425,160.382,5.077558469683969,0.003923337616167366,0.7740901122282323,-0.2560669881016821,0.005470451102039087,4.200789489692844,0.0037078500196310316
130,1992Q2,96.86624962764374,4.573331157169512,0.012633166337324475,54.43401846887101,3.996989297919931,0.007923676528604151,30.686624962764377,3.4238268906965246,0.026467709043907384,19.880845993446528,0.008141666666666667,160.649,5.079221860830387,0.001663391146418114,0.7783288650580875,-0.25060613838845464,0.005460849713227467,4.206779991551889,0.005990501859044706
131,1992Q3,97.8997450643268,4.583943945491469,0.010612788321957112,55.06165886049683,4.008453627493394,0.011464329573463328,30.906503824035095,3.4309666414981828,0.0071397508016581845,20.068773344400306,0.007591666666666667,161.668,5.085544849658044,0.006322988827657028,0.7787691942846979,-0.2500405616276257,0.000565576760828912,4.211653411395768,0.004873419843879567
132,1992Q4,99.03874462697992,4.595511133441775,0.011567187950306312,55.70423364541011,4.020056152041368,0.011602524547973836,31.39610198433728,3.446683744581921,0.015717103083738415,20.06123770829653,0.0076,163.107,5.0944064271609335,0.008861577502889517,0.7677530471648119,-0.26428715071458875,-0.014246589086963024,4.218507204842523,0.006853793446754963
133,1993Q1,99.32516504911217,4.598398963406931,0.002887829965155575,55.94249996340374,4.024324376861115,0.0042682248197465356,31.661616383411644,3.455105107584618,0.008421363002697024,19.788327258354922,0.0075,164.985,5.10585456067719,0.011448133516256398,0.7690483509727285,-0.26260143632596583,0.0016857143886229164,4.224100085214637,0.0055928803721139175
134,1993Q2,100.00291040323637,4.605199289596941,0.006800326190010253,56.327944236674,4.03119075724109,0.006866380379975112,31.735036889361027,3.4574213351765706,0.00231622759195238,19.777645192741456,0.0076500000000000005,165.946,5.111662434229809,0.005807873552619469,0.7648394185014334,-0.268089377645527,-0.0054879413195611515,4.230025725765698,0.005925640551060596
135,1993Q3,100.5453651197778,4.610609019878049,0.005409730281107805,56.8597384561972,4.040587506426787,0.009396749185697217,31.657215600046293,3.4549661036505728,-0.002455231525997803,19.780696678625162,0.007475000000000001,167.514,5.121066929861885,0.009404495632075793,0.7658980442078464,-0.26670621965668034,0.0013831579888466394,4.235959858539098,0.005934132773400158
136,1993Q4,101.96532623552262,4.624632816624532,0.014023796746482908,57.246241277605925,4.047361985739361,0.006774479312573689,32.49262642975325,3.4810131845102235,0.026047080859650684,19.87482914898209,0.008033333333333333,168.53799999999998,5.127161243654598,0.006094313792712747,0.7573987482914899,-0.2778654161544537,-0.01115919649777336,4.241398692429056,0.005438833889957806
137,1994Q1,103.04423156779357,4.635158328746829,0.010525512122297798,57.74016638744504,4.055953055897507,0.008591070158145975,33.19873419534058,3.5025117485492356,0.02149856403901218,19.665793204175436,0.00985,171.29,5.143358026509894,0.01619678285529602,0.7600269198275985,-0.2744014255032754,0.003463990651178306,4.24616395528228,0.004765262853224428
138,1994Q2,104.56151851112946,4.649775592079002,0.014617263332172392,58.20531820902328,4.063976728724574,0.008023672827067507,34.10094906945592,3.5293252158510238,0.02681346730178813,19.799355886795677,0.011216666666666666,173.30700000000002,5.155064588288961,0.011706561779067037,0.7561632513466525,-0.2794979851797662,-0.005096559676490808,4.25097787205735,0.004813916775069593
139,1994Q3,105.24675177465747,4.656307610087746,0.006532018008743812,58.70892783768083,4.072591807904247,0.008615079179672414,34.02383212661349,3.5270612239694183,-0.0022639918816054205,20.16804341357666,0.012916666666666665,174.015,5.15914150239548,0.004076914106518892,0.7577114357368547,-0.2774526574612571,0.0020453277185091268,4.2567043123848505,0.0057264403275008036
140,1994Q4,106.49943630214206,4.668139692197839,0.011832082110093012,59.11640360766629,4.079508442713591,0.006916634809344124,34.81679819616686,3.5500999771013895,0.023038753131971124,20.052142051860205,0.014525,174.843,5.1638884283928626,0.004746925997382689,0.7580749718151072,-0.27697299082298743,0.00047966663826964906,4.262116338001324,0.005412025616473137
141,1995Q1,106.91298497420948,4.672015279075351,0.00387558687751266,59.4457838080287,4.085064700655976,0.005556257942385123,34.96439784705091,3.554330339415971,0.004230362314581626,20.150257905359947,0.01505,174.585,5.1624117290620495,-0.0014766993308130694,0.7601760484413546,-0.274205229840792,0.002767760982195444,4.2675132478851205,0.00539690988379693
142,1995Q2,107.27886506619052,4.675431659743251,0.00341638066789951,60.07644342767867,4.095617808427996,0.010553107772020454,34.60878541437081,3.544107563543187,-0.010222775872783973,20.26727300626334,0.014491666666666665,176.592,5.173841987030528,0.011430257968478408,0.7607237016474395,-0.27348505978392557,0.0007201700568664204,4.272309420148614,0.004796172263493048
143,1995Q3,107.68323153803442,4.6791938760147795,0.003762216271528729,60.46918378678511,4.102133876373372,0.0065160679453759585,34.521099389228205,3.5415707135999885,-0.0025368499431985825,20.20682953914492,0.0143,177.02700000000002,5.176302263313306,0.0024602762827781177,0.7631732370905052,-0.27027022616822444,0.0032148336157011292,4.277221520307755,0.004912100159141453
144,1995Q4,108.339895285065,4.685273463689365,0.006079587674585163,60.83274621133629,4.1081282329873625,0.0059943566139901705,34.90682028541037,3.552682233766394,0.011111520166405597,20.053324491966787,0.013408333333333331,177.352,5.178136458291652,0.0018341949783460265,0.7678588696865459,-0.26414932615000924,0.006120900018215192,4.282026725258151,0.00480520495039638
145,1996Q1,109.39974703035635,4.695008577648428,0.009735113959063568,61.46612406511218,4.118486194841323,0.010357961853960873,35.286515618125826,3.5635008971402278,0.010818663373833637,20.227947646282445,0.013108333333333333,179.02599999999998,5.187531046689441,0.009394588397788617,0.7712412010558732,-0.2597541125071999,0.00439521364280937,4.286836447670133,0.004809722411981632
146,1996Q2,111.26552295411913,4.711919443484499,0.0169108658360706,62.21778002930021,4.130640811458171,0.012154616616848024,36.39114421457617,3.594325454234338,0.03082455709411036,20.369127976231223,0.013266666666666666,180.511,5.195791717744313,0.008260671054872049,0.7739638813204266,-0.25623007144194226,0.0035240410652576104,4.290966162058732,0.004129714388598771
147,1996Q3,112.52797641792675,4.723201869999371,0.01128242651487188,62.709481958622206,4.138512663615406,0.007871852157234294,37.132212457011846,3.614484853190278,0.020159398955939878,20.42551449314919,0.0132,182.58599999999998,5.207221294903915,0.011429577159602466,0.7758338337245484,-0.2538169135266675,0.002413157915274744,4.294233133723212,0.0032669716644804225
148,1996Q4,113.3273605907585,4.73028062688359,0.007078756884219217,63.3002117608731,4.14788867449798,0.009376010882574448,37.30792202856056,3.619205690923561,0.004720837733283023,20.574740728674595,0.013191666666666666,184.122,5.215598581371035,0.00837728646711966,0.7806103056958245,-0.24767922204782367,0.006137691478843854,4.29956851223336,0.005335378510147315
149,1997Q1,114.31443723265009,4.738952872821268,0.008672245937678014,63.79289405859096,4.155641805755719,0.007753131257739021,37.82908497173007,3.6330782504520642,0.013872559528503192,20.456906904880782,0.013808333333333332,185.00599999999997,5.220388256984837,0.004789675613801947,0.7830704251960005,-0.2445326442568877,0.003146577790935967,4.305509994776894,0.0059414825435339935
150,1997Q2,115.8678643090887,4.752450441054247,0.013497568232978985,64.2996619847287,4.163554374382613,0.007912568626894156,38.6212747619753,3.6538032842747654,0.02072503382270119,20.772452428727256,0.013833333333333333,186.08,5.226176688770354,0.005788431785517467,0.7893666590355118,-0.2365243524757106,0.008008291781177096,4.307532049333373,0.0020220545564795245
151,1997Q3,117.45397497955187,4.766046554547142,0.013596113492894801,65.11752638142104,4.1761937354295275,0.01263936104691421,39.18797516727229,3.668369943800259,0.01456665952549363,20.85305514957294,0.013766666666666667,186.949,5.230835852385013,0.004659163614658901,0.8001850386838119,-0.22291227970478536,0.013612072770925243,4.311858966240293,0.0043269169069199975
152,1997Q4,118.71725649524217,4.776744670116019,0.010698115568877675,65.83983748529884,4.187225088037986,0.011031352608458889,39.45659146797819,3.6752011174407997,0.006831173640540644,21.046722976585052,0.0138,188.11900000000003,5.237074741306818,0.006238888921805241,0.8110499305035819,-0.20942566017298855,0.013486619531796806,4.31513868913225,0.003279722891956993
153,1998Q1,120.12998278462092,4.78857434642703,0.011829676311010395,66.50741328920502,4.197313419481753,0.010088331443766307,40.28932513044987,3.696086548763883,0.020885431323083292,20.925359988256172,0.01375,189.1,5.242275975664412,0.005201234357593343,0.8200525803050724,-0.19838681845632747,0.011038841716661085,4.316594380942956,0.001455691810705595
154,1998Q2,121.58168020236985,4.800586301951766,0.012011955524735995,67.41312741312743,4.210839767694056,0.013526348212303141,40.150446012514976,3.6926335489864868,-0.003452999777396215,21.35135135135135,0.013833333333333333,189.327,5.243475678789329,0.0011997031249171286,0.8314738383703901,-0.18455544401864651,0.013831374437680954,4.31895370569792,0.002359324754964476
155,1998Q3,123.23121180385242,4.814062361577348,0.013476059625582515,68.16380098895708,4.221913646649268,0.01107387895521228,40.78321159174366,3.7082705161342275,0.015636967147740766,21.572786446250312,0.012150000000000001,191.66,5.255722968915616,0.012247290126286892,0.8325666485490435,-0.18324200201486485,0.0013134420037816674,4.323244845048671,0.004291139350750761
156,1998Q4,125.232347536389,4.830170792199083,0.016108430621734726,68.78544704591425,4.230992197069193,0.009078550419924447,41.67316666887005,3.7298574365203296,0.021586920386102104,21.780515857801984,0.011833333333333331,191.363,5.254172147896905,-0.0015508210187107352,0.8450311339088589,-0.1683818074411636,0.014860194573701246,4.325998464221111,0.0027536191724397696
157,1999Q1,126.76816900666438,4.84235997741858,0.012189185219496856,69.57563943840056,4.242414498004296,0.011422300935103102,42.64678766167057,3.7529519525001755,0.02309451597984591,21.987198061270185,0.011866666666666666,192.423,5.2596960737064995,0.005523925809594488,0.8453362484524406,-0.16802080361432786,0.0003610038268357374,4.329759181737405,0.003760717516294143
158,1999Q2,128.1991049986221,4.853584563172201,0.011224585753621064,70.47807771551555,4.255301707072031,0.012887209067735661,42.86820382934607,3.7581303816529688,0.005178429152793207,22.24642721224131,0.012733333333333333,193.65599999999998,5.266083389214315,0.006387315507815572,0.8496607656067507,-0.1629181084452665,0.0051026951690613664,4.33337458596607,0.003615404228665575
159,1999Q3,130.2241636368392,4.869257301163629,0.01567273799142832,71.37793936857524,4.267988849174805,0.012687142102773663,43.60074285265884,3.7750741881148646,0.01694380646189586,22.68447071748058,0.013266666666666666,194.46,5.270226486381511,0.004143097167196075,0.8637885485600689,-0.1464272755935751,0.016490832851691395,4.3367938853941235,0.0034192994280530797
160,1999Q4,132.62133649005503,4.887497973480465,0.01824067231683557,72.63018224864386,4.285380568889937,0.01739171971513187,44.69449611697215,3.7998503646642545,0.024776176549389906,23.1849934307234,0.014191666666666667,195.50599999999997,5.2755910694915595,0.005364583110048393,0.8895190769190742,-0.11707432531693551,0.02935295027663959,4.34215470952809,0.005360824133966879
161,2000Q1,133.79244405395627,4.8962896741560025,0.008791700675537584,73.55289679053182,4.2980048315952075,0.012624262705270617,44.484211070339555,3.7951343188050535,-0.004716045859201046,23.136854617809707,0.01568333333333333,195.857,5.277384801112133,0.001793731620573169,0.8856917670163832,-0.1213862816638129,-0.004311956346877394,4.348935099673683,0.0067803901455922855
162,2000Q2,136.21524433314073,4.914236313539825,0.01794663938382257,74.55981506453477,4.311601690016626,0.013596858421418112,46.37385218005523,3.8367357697869036,0.041601450981850085,23.413600462338664,0.0163,195.968,5.277951380595164,0.0005665794830314042,0.8975149296859951,-0.10812552401043213,0.013260757653380778,4.354976557947302,0.006041458273619682
163,2000Q3,136.7352411600199,4.918046509773999,0.0038101962341743345,75.3898019384745,4.322672013061047,0.01107032304442157,46.1952010624577,3.832875919585532,-0.003859850201371362,23.39833224788977,0.01618333333333333,195.174,5.27389146838621,-0.004059912208954408,0.8974064283798798,-0.10824642212751104,-0.0001208981170789103,4.360662538920106,0.005685980972804039
164,2000Q4,137.70435577912428,4.925109037617208,0.007062527843208599,76.16960735744318,4.3329625295524945,0.010290516491447299,46.299048562681804,3.8351214114789256,0.002245491893393403,23.642391677146453,0.013983333333333332,195.115,5.27358912832308,-0.0003023400631301243,0.9128209036749108,-0.09121558008856458,0.01703084203894646,4.365935361773937,0.005272822853831016
165,2001Q1,137.1610019695975,4.921155432683213,-0.003953604933994548,76.51254987121862,4.337454777981827,0.004492248429332157,44.741427200646434,3.8008998554335336,-0.03422155604539201,24.05686581485784,0.010816666666666665,192.96900000000002,5.262529554242171,-0.011059574080908519,0.910938841472653,-0.09327951737566807,-0.0020639372871034956,4.372026802595548,0.0060914408216108384
166,2001Q2,137.4985881555664,4.923613649094393,0.0024582164111794924,76.76417805554509,4.340738099772162,0.003283321790335414,44.7222117641153,3.8004702856765022,-0.00042956975703134503,24.434320996950415,0.008741666666666667,190.889,5.251692107279989,-0.010837446962182362,0.9067053198298255,-0.09793777710367996,-0.004658259728011885,4.378056263169986,0.006029460574437984
167,2001Q3,137.02189890505474,4.920140759076408,-0.0034728900179850086,76.7561621918904,4.340633672389457,-0.00010442738270466378,44.20153992300385,3.7887596283637226,-0.011710657312779649,24.407529623518823,0.005333333333333333,188.675,5.240025958170932,-0.011666149109056612,0.9113919304034799,-0.09278225425839472,0.00515552284528524,4.382076633423924,0.004020370253937422
168,2001Q4,137.24896596402053,4.921796546401482,0.0016557873250739874,76.97712662580356,4.3435083209158245,0.0028746485263670962,42.75676483779339,3.7555274246835815,-0.033232203680141126,24.81686350725071,0.004333333333333333,187.014,5.231183480362405,-0.008842477808527427,0.9125180644839788,-0.09154739702667121,0.0012348572317235074,4.385371035924272,0.0032944025003480704
169,2002Q1,138.5966001514907,4.931567556523414,0.009771010121932378,77.40553561893881,4.349058297662808,0.0055499767469830985,43.43933542771286,3.7713653768832605,0.015837952199678984,25.317571678690722,0.004375,187.528,5.233928167594686,0.0027446872322816063,0.9174251549054424,-0.08618427741577599,0.005363119610895223,4.388667038311136,0.0032960023868646715
170,2002Q2,139.9252669479467,4.941108472568684,0.009540916045269299,78.255651377736,4.359981048892067,0.01092275122925912,43.835141856695664,3.780435821186691,0.009070444303430403,25.655460833199292,0.00435,186.903,5.2305897656970615,-0.0033384018976247987,0.9187958575122802,-0.0846913167621636,0.001492960653612388,4.392236832748737,0.0035697944376007484
171,2002Q3,140.70744143655935,4.946682851396694,0.00557437882801004,78.69054363622928,4.365522991103906,0.005541942211839235,43.72121092691578,3.777833360246727,-0.0026024609399639687,25.868906569450946,0.0036083333333333328,187.092,5.2316004744824145,0.0010107087853530317,0.9169766238884647,-0.0866732989933839,-0.0019819822312203,4.3968413528118955,0.004604520063158368
172,2002Q4,141.47867832561784,4.952149022518255,0.005466171121561558,79.37884243270385,4.374231864642191,0.008708873538284756,43.89742082445441,3.781855567203829,0.004022206957102092,26.23264016459696,0.003125,186.078,5.226165940647245,-0.00543453383516912,0.9175055722928456,-0.08609662572815349,0.0005766732652304069,4.4024908078062355,0.005649454994339997
173,2003Q1,142.49801889667782,4.959328097132611,0.007179074614355407,80.23529411764706,4.384963494347192,0.010731629705000856,44.41328863151478,3.7935387181613986,0.011683150957569666,26.484608351112463,0.003116666666666666,185.615,5.223674636051941,-0.0024913045953045554,0.929204510819872,-0.07342642357778667,0.012670202150366822,4.407024078847165,0.004533271040929598
174,2003Q2,143.6121848637347,4.96711650582585,0.007788408693239823,80.6505725330027,4.390125903529315,0.005162409182123184,44.27710111103007,3.790467638466787,-0.0030710796946116226,26.735224758709553,0.002541666666666666,185.893,5.225171239365404,0.0014966033134635737,0.9401940048136532,-0.061669036913550225,0.011757386664236445,4.409957899602573,0.0029338207554081563
175,2003Q3,145.90506818841277,4.982956192337424,0.015839686511573525,81.73904632943224,4.40353181094588,0.013405907416565555,45.56533513879486,3.8191472331014396,0.028679594634652528,26.854628107167034,0.002491666666666666,186.75900000000001,5.229819015622777,0.004647776257372449,0.9482541831898637,-0.05313268693868988,0.008536349974860344,4.415364694284392,0.005406794681818816
176,2003Q4,147.53067871780388,4.994036145459827,0.011079953122402841,82.26343433372195,4.409926711672114,0.006394900726233388,46.55112318361559,3.8405511319736756,0.021403898872236038,27.064578550738577,0.002508333333333333,187.55700000000002,5.234082799211828,0.004263783589051329,0.9409261907909762,-0.060890579464622833,-0.007757892525932952,4.421259366985701,0.005894672701309389
177,2004Q1,148.7616320687187,5.002345240149676,0.008309094689849417,83.07683130517776,4.419765857996222,0.009839146324107872,46.92316869482224,3.848511555495201,0.007960423521525595,27.28823669768552,0.002525,187.726,5.234983452912764,0.0009006537009357274,0.9520639465521356,-0.049123075698583867,0.011767503766038967,4.4286716424969255,0.007412275511224031
178,2004Q2,150.48991763703492,5.013896089499886,0.011550849350209447,83.62917731705008,4.4263924701699935,0.0066266121737719175,48.111332007952285,3.8735177420450384,0.025006186549837217,27.470888952002273,0.003583333333333333,188.855,5.240979524847166,0.005996071934402103,0.9611142667802708,-0.039661973042626586,0.00946110265595728,4.436798870520861,0.008127228023935729
179,2004Q3,152.13153686982693,5.024745520769549,0.010849431269662979,84.40674379232505,4.435647301162523,0.009254830992529328,48.72789691497367,3.8862516980126074,0.012733955967568988,27.713506395786304,0.004875,189.88400000000001,5.246413359397614,0.005433834550448324,0.959015237020316,-0.04184831577829114,-0.002186342735664551,4.44330986309078,0.006510992569919161
180,2004Q4,154.06594175844688,5.037380704001735,0.012635183232186264,85.38477692738472,4.447167828785397,0.011520527622874255,49.78999439985066,3.9078140481787016,0.021562350166094202,27.88057681538174,0.006175000000000001,190.28599999999997,5.248528203545395,0.0021148441477807367,0.9583022213925704,-0.04259207957962317,-0.00074376380133203,4.450992839138604,0.007682976047823864
181,2005Q1,155.5243023000081,5.04680200429559,0.00942130029385524,85.80754939750668,4.4521069909391,0.004939162153703158,50.677732634186434,3.9254866155844543,0.017672567405752737,28.092046625227166,0.007358333333333333,191.437,5.254558772771104,0.006030569225709215,0.95636119503189,-0.04461961821537389,-0.0020275386357507252,4.458883503717619,0.007890664579014661
182,2005Q2,156.33822244700906,5.052021752937405,0.0052197486418146255,86.59593544530783,4.461252879655229,0.009145888716128425,50.53105889925974,3.9225881749373976,-0.002898440647056688,28.195549220653827,0.00865,191.857,5.256750302866009,0.0021915300949046923,0.9615729458825693,-0.03918485007849703,0.0054347681368768636,4.465862140586114,0.006978636868494981
183,2005Q3,158.0647733615848,5.063004907001866,0.010983154064461154,87.68668193158129,4.473770028457294,0.01251714880206567,51.457571511568304,3.940757613971052,0.0181694390336542,28.423498855131403,0.00995,193.142,5.263425669667926,0.006675366801917271,0.9588872560746385,-0.04198177506136541,-0.002796924982868383,4.474867860026055,0.00900571943994155
184,2005Q4,159.55881521997082,5.072412601714896,0.009407694713029713,88.4878346461142,4.48286508093934,0.009095052482045674,52.71841697838149,3.964964862777984,0.024207248806932036,28.580953564849867,0.011141666666666666,195.042,5.273214919987195,0.009789250319268916,0.9702222875159624,-0.030230071350807557,0.011751703710557854,4.48287825050346,0.008010390477404705
185,2006Q1,161.39136094807367,5.083832228678845,0.01141962696394927,89.06819890693212,4.4894023561428,0.006537275203459814,53.33363259901017,3.976567137781415,0.011602275003431028,28.96180995881356,0.012266666666666665,195.49599999999998,5.2755399188580485,0.0023249988708533564,0.9641666760187191,-0.03649109888279294,-0.006261027531985385,4.489837894802717,0.006959644299256773
186,2006Q2,161.7148199261007,5.08583441313231,0.0020021844534650057,89.71419667898323,4.4966290249806775,0.007226668837877703,53.26648266037484,3.9753072902220814,-0.0012598475593335046,29.05778391132084,0.013116666666666665,196.555,5.280942290363947,0.005402371505898174,0.9576748430752792,-0.0432469708633955,-0.006755871980602554,4.498163872302924,0.008325977500207138
187,2006Q3,162.16774792497873,5.088631280510103,0.002796867377792722,90.32283020744687,4.503390254685351,0.006761229704673077,53.29627214553332,3.9758663877414486,0.0005590975193672243,29.074612349554048,0.013116666666666665,197.238,5.284411121373467,0.0034688310095205566,0.967772239475691,-0.032758509188387124,0.010488461675008373,4.505139883913015,0.006976011610090538
188,2006Q4,162.50068821229974,5.0906822369134375,0.002050956403334858,90.71298794252051,4.507700543589602,0.004310288904251003,52.50454220117823,3.9608996839727824,-0.014966703768666267,29.452183009414743,0.013141666666666668,197.27599999999998,5.284603763460275,0.00019264208680791484,0.9877993723503827,-0.012275666277330217,0.020482842911056905,4.508824470201406,0.0036845862883918556
189,2007Q1,162.8309416844768,5.092712494996382,0.002030258082944769,91.272299036071,4.513847335606422,0.006146792016820335,52.26806821651328,3.9563856342556356,-0.004514049717146751,29.65063026126401,0.013125,198.07299999999998,5.288635649614919,0.004031886154644226,0.977635538884285,-0.022618338029695036,-0.01034267175236482,4.518609616460416,0.00978514625900928
190,2007Q2,163.75012188383656,5.0983416188438575,0.00562912384747527,91.64581098796329,4.517931266617712,0.0040839310112898985,52.711238231438436,3.9648286819863485,0.008443047730712916,30.013759330884824,0.012683333333333331,197.39,5.285181467154896,-0.0034541824600236026,0.9751898679320918,-0.025123090602342787,-0.002504752572647751,4.525054975686303,0.006445359225887515
191,2007Q3,164.36147279468827,5.102068104760461,0.003726485916603295,92.28572044494265,4.524889421468151,0.006958154850439158,52.53729412779167,3.961523281747144,-0.003305400239204559,30.277226869017852,0.011241666666666665,196.92700000000002,5.282833101688634,-0.002348365466262159,0.9808571182202294,-0.019328479137552087,0.005794611464790701,4.530187985654402,0.005133009968099067
192,2007Q4,165.17472757528586,5.107003868604983,0.004935763844522434,93.21165924096837,4.53487281301932,0.00998339155116934,52.339900155671266,3.957758989489773,-0.0037642922573710713,30.75742122497182,,,,,,,,4.534157418741672,0.003969433087269714
